Name,Examination Seat No.,ISBN No.,Book Name,Issue Date,Due Date
Kandarp,12001,dkjhschj,sdbcksdb,2020-08-20,2020-08-27
Rahul,12002,ndkja,flsnfkjsd,2020-08-20,2020-08-27
Mehul,12003,dbfhjs,webkfjwe,2020-08-20,2020-08-27
Sohan,12004,bkfhds,wbkehdf,2020-08-20,2020-08-27
Mohan,12005,snjk,sbkdjvd,2020-08-20,2020-08-27
Rohan,12006,dfjkbshj,bhvkf,2020-08-20,2020-08-27
Karan,12007,sdjfsdkfs,skhdvf,2020-08-20,2020-08-27
Ranveer,12008,svkhd,sbdvj,2020-08-20,2020-08-27
Suresh,12009,dhvbdjfhb,dhfvb,2020-08-20,2020-08-27
Suresh,12010,dshcjsd bc,sdchs,2020-08-20,2020-08-27
Ravindra,12011,sfkdchbd,sdvnb,2020-08-20,2020-08-27
Pradeep,12012,bsc sd,shdbjhsdv,2020-08-20,2020-08-27
Rajesh,12013,hscjdh,shdv,2020-08-20,2020-08-27
Mahesh,12014,vbdfhjfgbf,vhsjdhfd,2020-08-20,2020-08-27
Nikul,12015,ndjkfbv,dvhfbd,2020-08-20,2020-08-27
Kiran,12016,vjshkdv,hdvbfsdlv,2020-08-20,2020-08-27
Suman,12017,sjhdsd,sjdnvjks,2020-08-20,2020-08-27
Garima,12018,schjd,dvhdjvbd,2020-08-20,2020-08-27
Manish,12019,bsfbvgbf,djnfvdk,2020-08-20,2020-08-27
Sukhwinder,12020,hdv dm,b sdsd,2020-08-20,2020-08-27
Bobby ,12021,jdbsxfbd,sbdjkfbsdk,2020-08-20,2020-08-27
Mayank ,12022,sjdvfbfg,fajsnkfd,2020-08-20,2020-08-27
Jayesh ,12023,djvfsdfb,hvsbdkf,2020-08-20,2020-08-27
Ramesh ,12024,sjkfvhsdvm,skdbhvmn,2020-08-20,2020-08-27
Javed ,12026,hvbdfsdv,sdhvhjasv,2020-08-20,2020-08-27
Salman ,12027,ashfjcdn,sjbdkhvcj,2020-08-20,2020-08-27
Ritik ,12028,ksdbhv,dbsjvnm,2020-08-20,2020-08-27
Harsh ,12029,hjbsdvc,kjfdsvnefwkjsd,2020-08-20,2020-08-27
Om ,12030,kjsdv,fkjndsv,2020-08-20,2020-08-27
Ganesh ,12025,svdjkch,jscuwkjsdc,2020-08-20,2020-08-27
Reshma ,12031,sdvnasdv,djksnvcjdknsv,2020-08-20,2020-08-27
Sunita,12032,dsjn,sd,2020-08-20,2020-08-27
Rajeev ,12033,sdbn kjndc,jkdnscmkjd,2020-08-20,2020-08-27
Akhilesh ,12034,vdn njkfdnjfekd,jkbfdkf,2020-08-20,2020-08-27
Ranjan ,12035,hjhjfdhjfdhjf,sdbnnbdsk,2020-08-20,2020-08-27
Manav ,12036,fdbgfn,gfndghndgh,2020-08-20,2020-08-27
Bhavya ,12037,hjdshjhdjfv,djhdsvhjdkf,2020-08-20,2020-08-27
Raman ,12038,behedhjehjfd,vhjrevdhrjv,2020-08-20,2020-08-27
Sangita ,12039,bnvfskjxsjhdv,svbdskjv,2020-08-20,2020-08-27
Isha ,12040,shdvjsdkj,dvkbnd,2020-08-20,2020-08-27
Naman ,12041,jsdfbjshdn,kvnjkdfmv,2020-08-20,2020-08-27
Chaitanya ,12042,fvdmdfb,djhjvdkfj,2020-08-20,2020-08-27
Parth ,12043,gfbfgnfg,mghjdf,2020-08-20,2020-08-27
Yatharth ,12044,everger,ergerger,2020-08-20,2020-08-27
Swayam ,12045,efbrtgesd,wefercds,2020-08-20,2020-08-27
Aditya ,12046,vhdjbdjhfv,dhvbnvnsmdv,2020-08-20,2020-08-27
Deep ,12047,dsjvkhsjbdv,vsdvs,2020-08-20,2020-08-27
Gopal ,12048,dhjvbnvnkv,dvjhbdfn,2020-08-20,2020-08-27
Siddharth ,12049,sjdkhvbnds,hjcsxdsv,2020-08-20,2020-08-27
Mihir ,12050,jbncsdnc,sdjvsdsdv,2020-08-20,2020-08-27
Kandarp,12001,jjljjoiuuo,jjouuouou,2021-01-12,2021-01-19
